{
  "epoch":{
    "0":1,
    "1":2,
    "2":3,
    "3":4,
    "4":5,
    "5":6,
    "6":7,
    "7":8,
    "8":9,
    "9":10,
    "10":11,
    "11":12,
    "12":13,
    "13":14,
    "14":15,
    "15":16,
    "16":17,
    "17":18,
    "18":19,
    "19":20,
    "20":21,
    "21":22,
    "22":23,
    "23":24,
    "24":25,
    "25":26,
    "26":27,
    "27":28,
    "28":29,
    "29":30,
    "30":31,
    "31":32,
    "32":33,
    "33":34,
    "34":35,
    "35":36,
    "36":37,
    "37":38,
    "38":39,
    "39":40,
    "40":41,
    "41":42,
    "42":43,
    "43":44,
    "44":45,
    "45":46,
    "46":47,
    "47":48,
    "48":49,
    "49":50,
    "50":51,
    "51":52,
    "52":53,
    "53":54,
    "54":55,
    "55":56,
    "56":57,
    "57":58,
    "58":59,
    "59":60
  },
  "train_tot":{
    "0":2.7674591232,
    "1":2.470840192,
    "2":2.17886978,
    "3":1.8405599746,
    "4":1.660373534,
    "5":1.5435446986,
    "6":1.4365968102,
    "7":1.3712578777,
    "8":1.2970895936,
    "9":1.2311422522,
    "10":1.1839943354,
    "11":1.1343832344,
    "12":1.1084582468,
    "13":1.0559953398,
    "14":1.0238506536,
    "15":0.9806919656,
    "16":0.9640049885,
    "17":0.9466926741,
    "18":0.9206886373,
    "19":0.8810625832,
    "20":0.8701737633,
    "21":0.8246213303,
    "22":0.807963384,
    "23":0.8117455221,
    "24":0.7803513809,
    "25":0.7686501306,
    "26":0.7599418237,
    "27":0.7376046358,
    "28":0.7159429228,
    "29":0.7027059007,
    "30":0.6904855174,
    "31":0.6642681992,
    "32":0.6579326765,
    "33":0.6440043261,
    "34":0.6293761779,
    "35":0.625072954,
    "36":0.619848762,
    "37":0.6063278617,
    "38":0.5297797524,
    "39":0.5047109306,
    "40":0.4838570014,
    "41":0.4669286145,
    "42":0.4590879218,
    "43":0.4492601958,
    "44":0.440438427,
    "45":0.4314718307,
    "46":0.418677391,
    "47":0.380427588,
    "48":0.364871367,
    "49":0.3548281543,
    "50":0.3537941743,
    "51":0.3441644597,
    "52":0.3431620577,
    "53":0.3363214648,
    "54":0.3325035249,
    "55":0.3219712967,
    "56":0.3195886006,
    "57":0.3012415747,
    "58":0.2978038828,
    "59":0.2897374003
  },
  "train_rep":{
    "0":0.6769154807,
    "1":0.6440342274,
    "2":0.6143775532,
    "3":0.5767887213,
    "4":0.5447182945,
    "5":0.5281579092,
    "6":0.5016832993,
    "7":0.4835681653,
    "8":0.4607715756,
    "9":0.4291403992,
    "10":0.4167634641,
    "11":0.3990569166,
    "12":0.3981329765,
    "13":0.3753525441,
    "14":0.3636017595,
    "15":0.3397367428,
    "16":0.3364677399,
    "17":0.3319302606,
    "18":0.3231675382,
    "19":0.3072454391,
    "20":0.29786614,
    "21":0.2842012559,
    "22":0.2807077899,
    "23":0.2832841945,
    "24":0.2646162327,
    "25":0.2623544588,
    "26":0.2578497155,
    "27":0.2529205382,
    "28":0.2426137967,
    "29":0.2376290338,
    "30":0.2280704727,
    "31":0.2148539123,
    "32":0.2156965697,
    "33":0.2056492246,
    "34":0.2049691402,
    "35":0.1990664225,
    "36":0.2017212161,
    "37":0.193898747,
    "38":0.149510415,
    "39":0.1345098763,
    "40":0.1239702674,
    "41":0.1173897768,
    "42":0.1109500922,
    "43":0.1085035253,
    "44":0.1044411627,
    "45":0.1010964331,
    "46":0.0925981708,
    "47":0.0714856564,
    "48":0.0631024351,
    "49":0.0573089444,
    "50":0.0566012217,
    "51":0.0535761667,
    "52":0.0539288433,
    "53":0.0464100634,
    "54":0.0497151421,
    "55":0.042553923,
    "56":0.0439315113,
    "57":0.0331583136,
    "58":0.0301710121,
    "59":0.0306660353
  },
  "train_err":{
    "0":19.3914631017,
    "1":17.6108743997,
    "2":15.2266472477,
    "3":12.3551167818,
    "4":10.9308310738,
    "5":9.9650891169,
    "6":9.1964824565,
    "7":8.7238366202,
    "8":8.2358156058,
    "9":7.9128679162,
    "10":7.5739221784,
    "11":7.2853641544,
    "12":7.0251420238,
    "13":6.7415699687,
    "14":6.5487044376,
    "15":6.3513945867,
    "16":6.2195349166,
    "17":6.1030384041,
    "18":5.9372447126,
    "19":5.6987507333,
    "20":5.6814151949,
    "21":5.3745497296,
    "22":5.2446625821,
    "23":5.2610895656,
    "24":5.1292119208,
    "25":5.0278969708,
    "26":4.9947821491,
    "27":4.8225562354,
    "28":4.7123638381,
    "29":4.6340399288,
    "30":4.6026702573,
    "31":4.478489767,
    "32":4.4044483685,
    "33":4.3689955784,
    "34":4.2299931493,
    "35":4.2395091084,
    "36":4.1610346271,
    "37":4.1141974024,
    "38":3.7973939329,
    "39":3.6949668996,
    "40":3.594029464,
    "41":3.489581675,
    "42":3.4767239135,
    "43":3.4037833027,
    "44":3.3569766657,
    "45":3.3008695432,
    "46":3.2598075825,
    "47":3.0874277381,
    "48":3.0169886144,
    "49":2.9723660983,
    "50":2.9703173966,
    "51":2.9035109677,
    "52":2.8912977632,
    "53":2.8970848707,
    "54":2.8271874337,
    "55":2.7931253055,
    "56":2.75575695,
    "57":2.6795587973,
    "58":2.6756727039,
    "59":2.5902327789
  },
  "train_ex":{
    "0":0.7569864913,
    "1":0.3285924723,
    "2":0.2091373298,
    "3":0.1412977628,
    "4":0.1128605643,
    "5":0.0943893131,
    "6":0.0763262606,
    "7":0.0765301906,
    "8":0.0636822268,
    "9":0.0535752259,
    "10":0.0491932103,
    "11":0.033949443,
    "12":0.0390552766,
    "13":0.0324289158,
    "14":0.0268922012,
    "15":0.0290787601,
    "16":0.0279187377,
    "17":0.022292803,
    "18":0.0189830704,
    "19":0.0197102798,
    "20":0.0208304738,
    "21":0.0148254639,
    "22":0.0139466355,
    "23":0.0117618049,
    "24":0.0140697259,
    "25":0.0175298389,
    "26":0.01306943,
    "27":0.0121423223,
    "28":0.0104636755,
    "29":0.0083643293,
    "30":0.0107400545,
    "31":0.0078265092,
    "32":0.0089563121,
    "33":0.0072776735,
    "34":0.0070385812,
    "35":0.0102780737,
    "36":0.0101203796,
    "37":0.0050468443,
    "38":0.0026496957,
    "39":0.0035217941,
    "40":0.0024189187,
    "41":0.0029033292,
    "42":0.0023271661,
    "43":0.0018916737,
    "44":0.0014979515,
    "45":0.0014421892,
    "46":0.0004922812,
    "47":0.0009957597,
    "48":0.0003503294,
    "49":0.0014129678,
    "50":0.0008060392,
    "51":0.0011859545,
    "52":0.0005171607,
    "53":0.0010145382,
    "54":0.0003481675,
    "55":0.0005241782,
    "56":0.0004069456,
    "57":0.0006368791,
    "58":0.000327975,
    "59":0.0002404147
  },
  "val_rep_f1":{
    "0":0.4775024975,
    "1":0.6377423926,
    "2":0.6605346698,
    "3":0.7090382062,
    "4":0.7261656723,
    "5":0.7345506673,
    "6":0.7523368905,
    "7":0.7481455977,
    "8":0.7412170664,
    "9":0.7806563532,
    "10":0.7610788681,
    "11":0.7886811138,
    "12":0.8038629356,
    "13":0.79706039,
    "14":0.8090043517,
    "15":0.8229971629,
    "16":0.8086621111,
    "17":0.8367444278,
    "18":0.8447469314,
    "19":0.83571842,
    "20":0.8414679301,
    "21":0.8492958001,
    "22":0.8502073694,
    "23":0.8457102682,
    "24":0.8540073623,
    "25":0.8613920395,
    "26":0.8414959319,
    "27":0.8555983618,
    "28":0.8532684061,
    "29":0.8665269175,
    "30":0.8623070678,
    "31":0.8638816835,
    "32":0.8589005389,
    "33":0.8872586087,
    "34":0.8794687657,
    "35":0.8848036398,
    "36":0.8725961541,
    "37":0.8832971028,
    "38":0.8988676844,
    "39":0.9017326346,
    "40":0.9063436548,
    "41":0.9099955248,
    "42":0.9235197581,
    "43":0.91282596,
    "44":0.9202408264,
    "45":0.9061527992,
    "46":0.917849878,
    "47":0.9173625884,
    "48":0.9276100523,
    "49":0.9252925604,
    "50":0.9262710937,
    "51":0.9285986279,
    "52":0.9299425923,
    "53":0.9261924978,
    "54":0.9216826926,
    "55":0.9294557047,
    "56":0.9198145278,
    "57":0.9262500725,
    "58":0.9327517962,
    "59":0.9304425811
  },
  "val_ex_f1":{
    "0":0.8528094993,
    "1":0.914039681,
    "2":0.9224620003,
    "3":0.9676415404,
    "4":0.9679000236,
    "5":0.9637386127,
    "6":0.9772279403,
    "7":0.9851181403,
    "8":0.9847118042,
    "9":0.9860551669,
    "10":0.9921117198,
    "11":0.9893238859,