{
  "epoch":{
    "0":1,
    "1":2,
    "2":3,
    "3":4,
    "4":5,
    "5":6,
    "6":7,
    "7":8,
    "8":9,
    "9":10,
    "10":11,
    "11":12,
    "12":13,
    "13":14,
    "14":15,
    "15":16,
    "16":17,
    "17":18,
    "18":19,
    "19":20,
    "20":21,
    "21":22,
    "22":23,
    "23":24,
    "24":25,
    "25":26,
    "26":27,
    "27":28,
    "28":29,
    "29":30,
    "30":31,
    "31":32,
    "32":33,
    "33":34,
    "34":35,
    "35":36,
    "36":37,
    "37":38,
    "38":39,
    "39":40,
    "40":41,
    "41":42,
    "42":43,
    "43":44,
    "44":45,
    "45":46,
    "46":47,
    "47":48,
    "48":49,
    "49":50,
    "50":51,
    "51":52,
    "52":53,
    "53":54,
    "54":55,
    "55":56,
    "56":57,
    "57":58,
    "58":59,
    "59":60
  },
  "train_tot":{
    "0":2.366958822,
    "1":1.9565845295,
    "2":1.7631191368,
    "3":1.5966912076,
    "4":1.4753490263,
    "5":1.3651395771,
    "6":1.2952019978,
    "7":1.1669378122,
    "8":1.0867419807,
    "9":1.0254919141,
    "10":0.9754937091,
    "11":0.941080714,
    "12":0.8876108369,
    "13":0.8605657054,
    "14":0.8268833239,
    "15":0.7954371025,
    "16":0.7857492281,
    "17":0.7464945885,
    "18":0.742903726,
    "19":0.7254728685,
    "20":0.6904314638,
    "21":0.6594331294,
    "22":0.6665587336,
    "23":0.6402569392,
    "24":0.632069842,
    "25":0.6222880301,
    "26":0.6061895716,
    "27":0.6054063303,
    "28":0.5748251986,
    "29":0.5234431095,
    "30":0.4841274362,
    "31":0.4854778236,
    "32":0.4752124786,
    "33":0.4554873731,
    "34":0.4544121019,
    "35":0.4415740092,
    "36":0.447055118,
    "37":0.4338617517,
    "38":0.425880827,
    "39":0.4202445426,
    "40":0.4105224477,
    "41":0.3925734265,
    "42":0.3958365652,
    "43":0.3929379118,
    "44":0.3772813861,
    "45":0.3733837835,
    "46":0.3746208196,
    "47":0.3746029783,
    "48":0.3545153805,
    "49":0.3582054227,
    "50":0.3572008987,
    "51":0.3344713733,
    "52":0.3063862865,
    "53":0.2988453157,
    "54":0.2901978246,
    "55":0.2962433705,
    "56":0.2784376787,
    "57":0.2800139729,
    "58":0.2787078651,
    "59":0.2679469741
  },
  "train_rep":{
    "0":0.3979200724,
    "1":0.3444055898,
    "2":0.3254563872,
    "3":0.305885201,
    "4":0.3031704218,
    "5":0.2932497744,
    "6":0.2921985128,
    "7":0.2816976812,
    "8":0.2724037811,
    "9":0.2570674784,
    "10":0.2568431934,
    "11":0.2541395769,
    "12":0.2449416146,
    "13":0.2273386519,
    "14":0.2154572259,
    "15":0.2155950963,
    "16":0.2121482659,
    "17":0.1905517545,
    "18":0.198791575,
    "19":0.189226734,
    "20":0.1759302699,
    "21":0.1659137062,
    "22":0.1768504202,
    "23":0.1654555878,
    "24":0.1670082614,
    "25":0.1635847636,
    "26":0.1566494586,
    "27":0.1562981089,
    "28":0.1467696885,
    "29":0.1178181719,
    "30":0.1036878488,
    "31":0.1059314218,
    "32":0.1054522475,
    "33":0.093522986,
    "34":0.0955986435,
    "35":0.0853002035,
    "36":0.0963258638,
    "37":0.0867438445,
    "38":0.0859846415,
    "39":0.0838169077,
    "40":0.0791353837,
    "41":0.073945992,
    "42":0.0747698989,
    "43":0.0776395749,
    "44":0.0690485968,
    "45":0.0695177129,
    "46":0.07697907,
    "47":0.0778657312,
    "48":0.0621599753,
    "49":0.0687039861,
    "50":0.0646846133,
    "51":0.0550641886,
    "52":0.0423951171,
    "53":0.0403895653,
    "54":0.0367557117,
    "55":0.0407837578,
    "56":0.0343428868,
    "57":0.0351059855,
    "58":0.0366782222,
    "59":0.0303219099
  },
  "train_err":{
    "0":17.4993015701,
    "1":15.2609599653,
    "2":13.8929331544,
    "3":12.5708930799,
    "4":11.4631769872,
    "5":10.5198377699,
    "6":9.8355685294,
    "7":8.7009559259,
    "8":8.0174322086,
    "9":7.5670426794,
    "10":7.0750036796,
    "11":6.7821784827,
    "12":6.3698703867,
    "13":6.2674363316,
    "14":6.0627337508,
    "15":5.7592189763,
    "16":5.6964965014,
    "17":5.518600262,
    "18":5.393412272,
    "19":5.3238977132,
    "20":5.1118675377,
    "21":4.9028889931,
    "22":4.8675082343,
    "23":4.7255417972,
    "24":4.6235830461,
    "25":4.5624340209,
    "26":4.4703690437,
    "27":4.465606494,
    "28":4.2622685767,
    "29":4.0431441646,
    "30":3.796512644,
    "31":3.7830964192,
    "32":3.6921184926,
    "33":3.6092562352,
    "34":3.5816099012,
    "35":3.5539548543,
    "36":3.5008150156,
    "37":3.4657009808,
    "38":3.3934791785,
    "39":3.3584931615,
    "40":3.3081841235,
    "41":3.1835030019,
    "42":3.2074499759,
    "43":3.1497893417,
    "44":3.0789029128,
    "45":3.0359701989,
    "46":2.9714504765,
    "47":2.9649405015,
    "48":2.9196987059,
    "49":2.8909668839,
    "50":2.9222969057,
    "51":2.7928615059,
    "52":2.6388155643,
    "53":2.5833090981,
    "54":2.5337023244,
    "55":2.5537905839,
    "56":2.440221598,
    "57":2.4485328182,
    "58":2.4195997314,
    "59":2.375487469
  },
  "train_ex":{
    "0":1.0955428391,
    "1":0.4304146176,
    "2":0.2418470717,
    "3":0.1685833734,
    "4":0.1293044101,
    "5":0.0995300497,
    "6":0.0972330489,
    "7":0.0757226313,
    "8":0.0629748407,
    "9":0.0586007738,
    "10":0.0557506791,
    "11":0.043616387,
    "12":0.0284108483,
    "13":0.0324170334,
    "14":0.0257635625,
    "15":0.0196004789,
    "16":0.0197565144,
    "17":0.0204139783,
    "18":0.023854568,
    "19":0.0192817697,
    "20":0.0165721695,
    "21":0.0161525813,
    "22":0.0147874184,
    "23":0.0112358216,
    "24":0.0135163419,
    "25":0.012299291,
    "26":0.0125159941,
    "27":0.0127378261,
    "28":0.009143233,
    "29":0.0065525726,
    "30":0.0039415877,
    "31":0.0061837688,
    "32":0.0027418863,
    "33":0.0051937891,
    "34":0.0032623106,
    "35":0.0043915676,
    "36":0.0032387273,
    "37":0.0027390154,
    "38":0.0027413066,
    "39":0.0028915564,
    "40":0.002843224,
    "41":0.0013856495,
    "42":0.001608317,
    "43":0.0015969855,
    "44":0.0017124545,
    "45":0.0013452267,
    "46":0.0024834794,
    "47":0.0012159492,
    "48":0.0019276484,
    "49":0.0020237191,
    "50":0.0014329398,
    "51":0.0006051429,
    "52":0.0005480379,
    "53":0.0006241803,
    "54":0.0003593884,
    "55":0.0004027523,
    "56":0.0003631396,
    "57":0.0002735034,
    "58":0.0003483304,
    "59":0.0003815636
  },
  "val_rep_f1":{
    "0":0.7702346083,
    "1":0.7848438238,
    "2":0.7912465302,
    "3":0.7961387605,
    "4":0.795226692,
    "5":0.8138947649,
    "6":0.8134465901,
    "7":0.8098182407,
    "8":0.8048089008,
    "9":0.8260003839,
    "10":0.836743642,
    "11":0.8304849101,
    "12":0.8504940933,
    "13":0.8488204264,
    "14":0.8590379671,
    "15":0.865460758,
    "16":0.8553980494,
    "17":0.8683655179,
    "18":0.8757294342,
    "19":0.8847897668,
    "20":0.8891911869,
    "21":0.9005944884,
    "22":0.8976037345,
    "23":0.886119685,
    "24":0.9118725218,
    "25":0.8931398879,
    "26":0.9067161036,
    "27":0.9070665232,
    "28":0.8925659363,
    "29":0.9270469071,
    "30":0.9212930738,
    "31":0.9170398719,
    "32":0.9348455323,
    "33":0.9254835681,
    "34":0.9302715937,
    "35":0.9386730889,
    "36":0.9397234661,
    "37":0.9369664771,
    "38":0.9378629678,
    "39":0.9327524112,
    "40":0.9429707231,
    "41":0.9436497343,
    "42":0.9432660358,
    "43":0.94829147,
    "44":0.9436663695,
    "45":0.9424254234,
    "46":0.9455301677,
    "47":0.9517169042,
    "48":0.940105792,
    "49":0.9396211245,
    "50":0.9497949692,
    "51":0.9475698583,
    "52":0.9544462661,
    "53":0.9557603855,
    "54":0.9522895786,
    "55":0.9581815243,
    "56":0.9581135878,
    "57":0.956754042,
    "58":0.9620656802,
    "59":0.9599414701
  },
  "val_ex_f1":{
    "0":0.7548995417,
    "1":0.8299210439,
    "2":0.9036219619,
    "3":0.9513626951,
    "4":0.949698684,
    "5":0.9736035391,
    "6":0.9795161501,
    "7":0.9795332286,
    "8":0.9800523424,
    "9":0.9515124512,
    "10":0.9865028922,
    "11":0.988360557,