{
  "epoch":{
    "0":1,
    "1":2,
    "2":3
  },
  "train_tot":{
    "0":2.3786945725,
    "1":1.9714287602,
    "2":1.7775779894
  },
  "train_rep":{
    "0":0.4016277587,
    "1":0.3306846467,
    "2":0.3128434271
  },
  "train_err":{
    "0":17.5374006701,
    "1":15.4735327851,
    "2":14.1141632414
  },
  "train_ex":{
    "0":1.1166335807,
    "1":0.4669540576,
    "2":0.2665910958
  },
  "val_rep_f1":{
    "0":0.7578868678,
    "1":0.7666166266,
    "2":0.7725843786
  },
  "val_ex_f1":{
    "0":0.6414955242,
    "1":0.8697838582,
    "2":0.9268418655
  },
  "val_rep_acc":{
    "0":0.7490723562,
    "1":0.7583487941,
    "2":0.7643784787
  },
  "val_ex_acc":{
    "0":0.6776437848,
    "1":0.8687384045,
    "2":0.9248608534
  },
  "val_mae":{
    "0":17.0777391341,
    "1":15.7161429108,
    "2":14.4606198013
  }
}