{
  "epoch":{
    "0":1,
    "1":2,
    "2":3,
    "3":4,
    "4":5
  },
  "tot":{
    "0":2.3752294491,
    "1":1.9624245679,
    "2":1.7697098885,
    "3":1.6105350723,
    "4":1.4588619196
  },
  "rep":{
    "0":0.4002810057,
    "1":0.3334134534,
    "2":0.3244489032,
    "3":0.304233479,
    "4":0.2982817115
  },
  "err":{
    "0":17.6397919163,
    "1":15.4050423278,
    "2":13.9532645832,
    "3":12.7008523401,
    "4":11.3351680829
  },
  "ex":{
    "0":1.0548461187,
    "1":0.4425342926,
    "2":0.2496725431,
    "3":0.1810816516,
    "4":0.1353169025
  },
  "val_rep_acc":{
    "0":0.7365491651,
    "1":0.7555658627,
    "2":0.7704081633,
    "3":0.7764378479,
    "4":0.7926716141
  },
  "val_rep_f1":{
    "0":0.7455251989,
    "1":0.7649554327,
    "2":0.7791863104,
    "3":0.7848939591,
    "4":0.8006745727
  },
  "val_ex_acc":{
    "0":0.7717996289,
    "1":0.8733766234,
    "2":0.9327458256,
    "3":0.9499072356,
    "4":0.9675324675
  },
  "val_ex_f1":{
    "0":0.7583128394,
    "1":0.8783029536,
    "2":0.9317766724,
    "3":0.9499180807,
    "4":0.9672881154
  },
  "val_mae":{
    "0":17.0994640148,
    "1":15.8185995536,
    "2":14.2029389145,
    "3":12.8271861373,
    "4":11.8207875536
  },
  "val_rep_cm":{
    "0":[
      [
        935,
        560
      ],
      [
        8,
        653
      ]
    ],
    "1":[
      [
        1007,
        488
      ],
      [
        39,
        622
      ]
    ],
    "2":[
      [
        1019,
        476
      ],
      [
        19,
        642
      ]
    ],
    "3":[
      [
        1018,
        477
      ],
      [
        5,
        656
      ]
    ],
    "4":[
      [
        1052,
        443
      ],
      [
        4,
        657
      ]
    ]
  },
  "val_ex_cm":{
    "0":[
      [
        489,
        0,
        0,
        7,
        5,
        0
      ],
      [
        25,
        539,
        0,
        0,
        0,
        1
      ],
      [
        0,
        0,
        208,
        0,
        0,
        0
      ],
      [
        88,
        0,
        2,
        170,
        2,
        0
      ],
      [
        49,
        0,
        0,
        150,
        68,
        19
      ],
      [
        69,
        0,
        0,
        72,
        3,
        190
      ]
    ],
    "1":[
      [
        429,
        1,
        0,
        71,
        0,
        0
      ],
      [
        0,
        563,
        0,
        1,
        0,
        1
      ],
      [
        0,
        0,
        208,
        0,
        0,
        0
      ],
      [
        1,
        0,
        1,
        226,
        34,
        0
      ],
      [
        2,
        0,
        0,
        48,
        216,
        20
      ],
      [
        7,
        0,
        0,
        42,
        44,
        241
      ]
    ],
    "2":[
      [
        497,
        0,
        0,
        2,
        0,
        2
      ],
      [
        0,
        563,
        0,
        1,
        0,
        1
      ],
      [
        0,
        0,
        207,
        0,
        0,
        1
      ],
      [
        11,
        0,
        0,
        231,
        16,
        4
      ],
      [
        3,
        1,
        0,
        15,
        252,
        15
      ],
      [
        27,
        0,
        0,
        17,
        29,
        261
      ]
    ],
    "3":[
      [
        485,
        1,
        0,
        9,
        0,
        6
      ],
      [
        0,
        562,
        0,
        0,
        2,
        1
      ],
      [
        0,
        0,
        208,
        0,
        0,
        0
      ],
      [
        1,
        0,
        0,
        243,
        18,
        0
      ],
      [
        0,
        0,
        0,
        3,
        270,
        13
      ],
      [
        12,
        0,
        0,
        12,
        30,
        280
      ]
    ],
    "4":[
      [
        497,
        0,
        0,
        0,
        0,
        4
      ],
      [
        0,
        565,
        0,
        0,
        0,
        0
      ],
      [
        0,
        0,
        208,
        0,
        0,
        0
      ],
      [
        11,
        0,
        0,
        241,
        9,
        1
      ],
      [
        0,
        1,
        0,
        3,
        277,
        5
      ],
      [
        13,
        0,
        0,
        7,
        16,
        298
      ]
    ]
  },
  "test_rep_acc":{
    "0":0.7417709782,
    "1":0.7677329624,
    "2":0.7746870654,
    "3":0.7844228095,
    "4":0.792767733
  },
  "test_rep_f1":{
    "0":0.748075072,
    "1":0.7746849046,
    "2":0.7813788184,
    "3":0.7907549245,
    "4":0.7989435276
  },
  "test_ex_acc":{
    "0":0.7649513213,
    "1":0.8720445063,
    "2":0.9425127492,
    "3":0.9596662031,
    "4":0.9647658785
  },
  "test_ex_f1":{
    "0":0.7486241819,
    "1":0.8772497467,
    "2":0.9419751345,
    "3":0.9598507976,
    "4":0.9644722677
  },
  "test_mae":{
    "0":17.0699724844,
    "1":15.8183776668,
    "2":14.1934844498,
    "3":12.8273736794,
    "4":11.8235189821
  },
  "test_rep_cm":{
    "0":[
      [
        904,
        549
      ],
      [
        8,
        696
      ]
    ],
    "1":[
      [
        984,
        469
      ],
      [
        32,
        672
      ]
    ],
    "2":[
      [
        988,
        465
      ],
      [
        21,
        683
      ]
    ],
    "3":[
      [
        994,
        459
      ],
      [
        6,
        698
      ]
    ],
    "4":[
      [
        1009,
        444
      ],
      [
        3,
        701
      ]
    ]
  },
  "test_ex_cm":{
    "0":[
      [
        471,
        0,
        0,
        5,
        6,
        0
      ],
      [
        20,
        543,
        0,
        0,
        0,
        3
      ],
      [
        0,
        0,
        188,
        0,
        0,
        0
      ],
      [
        107,
        0,
        6,
        188,
        7,
        0
      ],
      [
        48,
        1,
        0,
        152,
        63,
        21
      ],
      [
        67,
        0,
        0,
        55,
        9,
        197
      ]
    ],
    "1":[
      [
        411,
        1,
        0,
        70,
        0,
        0
      ],
      [
        2,
        560,
        0,
        1,
        1,
        2
      ],
      [
        0,
        0,
        188,
        0,
        0,
        0
      ],
      [
        1,
        0,
        0,
        253,
        54,
        0
      ],
      [
        0,
        0,
        0,
        59,
        206,
        20
      ],
      [
        3,
        1,
        0,
        37,
        24,
        263
      ]
    ],
    "2":[
      [
        482,
        0,
        0,
        0,
        0,
        0
      ],
      [
        2,
        561,
        0,
        0,
        0,
        3
      ],
      [
        0,
        0,
        188,
        0,
        0,
        0
      ],
      [
        9,
        0,
        0,
        269,
        27,
        3
      ],
      [
        4,
        2,
        0,
        15,
        254,
        10
      ],
      [
        24,
        2,
        0,
        10,
        13,
        279
      ]
    ],
    "3":[
      [
        473,
        3,
        0,
        5,
        0,
        1
      ],
      [
        1,
        562,
        0,
        0,
        1,
        2
      ],
      [
        0,
        0,
        188,
        0,
        0,
        0
      ],
      [
        0,
        0,
        0,
        279,
        28,
        1
      ],
      [
        0,
        1,
        0,
        4,
        269,
        11
      ],
      [
        9,
        0,
        0,
        5,
        15,
        299
      ]
    ],