{
  "epoch":{
    "0":1,
    "1":2,
    "2":3,
    "3":4,
    "4":5
  },
  "tot":{
    "0":2.391404141,
    "1":1.9547108055,
    "2":1.7660446241,
    "3":1.6185164948,
    "4":1.5068781891
  },
  "rep":{
    "0":0.409795665,
    "1":0.3410465137,
    "2":0.3303575747,
    "3":0.3112649719,
    "4":0.306120791
  },
  "err":{
    "0":17.6697176753,
    "1":15.1857200132,
    "2":13.8707172247,
    "3":12.7426338143,
    "4":11.7685542644
  },
  "ex":{
    "0":1.0731834044,
    "1":0.4754612933,
    "2":0.243076509,
    "3":0.1649406065,
    "4":0.1195097612
  },
  "val_rep_acc":{
    "0":0.7421150278,
    "1":0.7453617811,
    "2":0.7560296846,
    "3":0.7606679035,
    "4":0.7792207792
  },
  "val_rep_f1":{
    "0":0.7485913394,
    "1":0.7520054126,
    "2":0.7627444639,
    "3":0.7674314937,
    "4":0.7859974053
  },
  "val_ex_acc":{
    "0":0.7022263451,
    "1":0.8710575139,
    "2":0.9378478664,
    "3":0.9452690167,
    "4":0.9540816327
  },
  "val_ex_f1":{
    "0":0.6735154076,
    "1":0.8734036692,
    "2":0.9375281596,
    "3":0.9449277758,
    "4":0.9536954119
  },
  "val_mae":{
    "0":17.1094663416,
    "1":15.7397337104,
    "2":14.3706556679,
    "3":13.1725846529,
    "4":12.2022434871
  },
  "val_rep_cm":{
    "0":[
      [
        904,
        556
      ],
      [
        0,
        696
      ]
    ],
    "1":[
      [
        914,
        546
      ],
      [
        3,
        693
      ]
    ],
    "2":[
      [
        936,
        524
      ],
      [
        2,
        694
      ]
    ],
    "3":[
      [
        947,
        513
      ],
      [
        3,
        693
      ]
    ],
    "4":[
      [
        992,
        468
      ],
      [
        8,
        688
      ]
    ]
  },
  "val_ex_cm":{
    "0":[
      [
        446,
        1,
        0,
        0,
        1,
        18
      ],
      [
        2,
        534,
        0,
        0,
        0,
        9
      ],
      [
        0,
        0,
        220,
        0,
        0,
        0
      ],
      [
        182,
        0,
        0,
        85,
        30,
        1
      ],
      [
        172,
        1,
        0,
        36,
        53,
        27
      ],
      [
        128,
        33,
        0,
        1,
        0,
        176
      ]
    ],
    "1":[
      [
        362,
        1,
        0,
        71,
        26,
        6
      ],
      [
        1,
        536,
        0,
        0,
        1,
        7
      ],
      [
        0,
        0,
        220,
        0,
        0,
        0
      ],
      [
        5,
        0,
        0,
        247,
        46,
        0
      ],
      [
        4,
        7,
        0,
        44,
        215,
        19
      ],
      [
        14,
        2,
        0,
        10,
        14,
        298
      ]
    ],
    "2":[
      [
        458,
        1,
        0,
        6,
        1,
        0
      ],
      [
        5,
        534,
        0,
        0,
        1,
        5
      ],
      [
        0,
        0,
        219,
        0,
        1,
        0
      ],
      [
        2,
        0,
        0,
        283,
        13,
        0
      ],
      [
        1,
        0,
        0,
        51,
        230,
        7
      ],
      [
        31,
        1,
        0,
        1,
        7,
        298
      ]
    ],
    "3":[
      [
        462,
        1,
        0,
        0,
        3,
        0
      ],
      [
        5,
        538,
        0,
        0,
        0,
        2
      ],
      [
        0,
        0,
        219,
        0,
        1,
        0
      ],
      [
        20,
        0,
        0,
        257,
        15,
        6
      ],
      [
        1,
        3,
        0,
        16,
        261,
        8
      ],
      [
        30,
        3,
        0,
        0,
        4,
        301
      ]
    ],
    "4":[
      [
        461,
        3,
        0,
        2,
        0,
        0
      ],
      [
        3,
        538,
        0,
        0,
        1,
        3
      ],
      [
        0,
        0,
        220,
        0,
        0,
        0
      ],
      [
        4,
        0,
        0,
        275,
        19,
        0
      ],
      [
        0,
        2,
        0,
        4,
        283,
        0
      ],
      [
        33,
        1,
        0,
        1,
        23,
        280
      ]
    ]
  },
  "test_rep_acc":{
    "0":0.7380621233,
    "1":0.7445526194,
    "2":0.7561427909,
    "3":0.7635605007,
    "4":0.7770050997
  },
  "test_rep_f1":{
    "0":0.7475571866,
    "1":0.7540879354,
    "2":0.7655347134,
    "3":0.772812374,
    "4":0.7860070834
  },
  "test_ex_acc":{
    "0":0.7264719518,
    "1":0.8743625406,
    "2":0.9355586463,
    "3":0.9490032452,
    "4":0.9624478442
  },
  "test_ex_f1":{
    "0":0.70037708,
    "1":0.8769041118,
    "2":0.9344682502,
    "3":0.9484225328,
    "4":0.962271735
  },
  "test_mae":{
    "0":16.9924263973,
    "1":15.634466478,
    "2":14.2881737942,
    "3":13.1693786168,
    "4":12.2280874108
  },
  "test_rep_cm":{
    "0":[
      [
        943,
        564
      ],
      [
        1,
        649
      ]
    ],
    "1":[
      [
        959,
        548
      ],
      [
        3,
        647
      ]
    ],
    "2":[
      [
        983,
        524
      ],
      [
        2,
        648
      ]
    ],
    "3":[
      [
        998,
        509
      ],
      [
        1,
        649
      ]
    ],
    "4":[
      [
        1031,
        476
      ],
      [
        5,
        645
      ]
    ]
  },
  "test_ex_cm":{
    "0":[
      [
        482,
        0,
        0,
        0,
        2,
        31
      ],
      [
        2,
        556,
        0,
        0,
        0,
        4
      ],
      [
        0,
        0,
        206,
        0,
        0,
        0
      ],
      [
        172,
        0,
        0,
        77,
        24,
        0
      ],
      [
        170,
        1,
        0,
        25,
        66,
        27
      ],
      [
        106,
        22,
        0,
        1,
        3,
        180
      ]
    ],
    "1":[
      [
        412,
        0,
        0,
        81,
        19,
        3
      ],
      [
        4,
        553,
        0,
        0,
        0,
        5
      ],
      [
        0,
        0,
        206,
        0,
        0,
        0
      ],
      [
        3,
        0,
        0,
        227,
        43,
        0
      ],
      [
        7,
        9,
        0,
        51,
        200,
        22
      ],
      [
        10,
        0,
        0,
        5,
        9,
        288
      ]
    ],
    "2":[
      [
        511,
        0,
        0,
        3,
        1,
        0
      ],
      [
        6,
        556,
        0,
        0,
        0,
        0
      ],
      [
        0,
        0,
        205,
        0,
        1,
        0
      ],
      [
        2,
        0,
        0,
        258,
        13,
        0
      ],
      [
        3,
        3,
        0,
        74,
        202,
        7
      ],
      [
        18,
        1,
        0,
        0,
        7,
        286
      ]
    ],
    "3":[
      [
        511,
        0,
        0,
        0,
        4,
        0
      ],
      [
        5,
        557,
        0,
        0,
        0,
        0
      ],
      [
        0,
        0,
        205,
        0,
        1,
        0
      ],
      [
        13,
        0,
        0,
        237,
        18,
        5
      ],
      [
        3,
        8,
        0,
        19,
        248,
        11
      ],
      [
        22,
        1,
        0,
        0,
        0,
        289
      ]
    ],